{
    "loss": 23.125225067138672,
    "accuracy": 0.4313725531101227
}