{
    "loss": 32.16508865356445,
    "accuracy": 0.5686274766921997
}